identificatie,obstacle_area
0772100000302908,3.543961524963379
0772100000302909,5.531268119812012
0772100000302910,9.20557975769043
0772100000302911,2.7801480293273926
0772100000302912,10.149751663208008
0772100000302913,11.167505264282227
0772100000302914,9.611576080322266
0772100000302915,8.849148750305176
0772100000302916,11.851040840148926
0772100000302917,11.999954223632812
